t_s,role,source,channel,dev_ms,fields
0.062,right_hand,og,acc,2322341,"{""seq"":0,""x_mg"":-176,""y_mg"":-12,""z_mg"":964}"
0.062,right_hand,og,tilt,,"{""roll_deg"":0.0,""pitch_deg"":0.0,""steady"":true}"
0.078,right_hand,og,acc,2322362,"{""seq"":1,""x_mg"":-192,""y_mg"":12,""z_mg"":952}"
0.078,right_hand,og,tilt,,"{""roll_deg"":0.0,""pitch_deg"":0.0,""steady"":true}"
0.109,right_hand,og,acc,2322383,"{""seq"":2,""x_mg"":-184,""y_mg"":60,""z_mg"":948}"
0.109,right_hand,og,tilt,,"{""roll_deg"":0.0,""pitch_deg"":0.0,""steady"":true}"
0.109,right_hand,og,acc,2322403,"{""seq"":3,""x_mg"":-196,""y_mg"":48,""z_mg"":944}"
0.109,right_hand,og,tilt,,"{""roll_deg"":0.2,""pitch_deg"":0.0,""steady"":true}"
0.140,right_hand,og,acc,2322424,"{""seq"":4,""x_mg"":-192,""y_mg"":68,""z_mg"":952}"
0.140,right_hand,og,tilt,,"{""roll_deg"":0.8,""pitch_deg"":0.0,""steady"":true}"
0.156,right_hand,og,acc,2322444,"{""seq"":5,""x_mg"":-188,""y_mg"":40,""z_mg"":1028}"
0.156,right_hand,og,tilt,,"{""roll_deg"":1.1,""pitch_deg"":0.0,""steady"":true}"
0.203,right_hand,og,acc,2322465,"{""seq"":6,""x_mg"":-180,""y_mg"":56,""z_mg"":1000}"
0.203,right_hand,og,tilt,,"{""roll_deg"":1.6,""pitch_deg"":0.0,""steady"":true}"
0.203,right_hand,og,acc,2322486,"{""seq"":7,""x_mg"":-192,""y_mg"":68,""z_mg"":976}"
0.203,right_hand,og,tilt,,"{""roll_deg"":1.9,""pitch_deg"":0.0,""steady"":true}"
0.218,right_hand,og,acc,2322506,"{""seq"":8,""x_mg"":-188,""y_mg"":72,""z_mg"":972}"
0.218,right_hand,og,tilt,,"{""roll_deg"":2.4,""pitch_deg"":0.0,""steady"":true}"
0.250,right_hand,og,acc,2322527,"{""seq"":9,""x_mg"":-184,""y_mg"":60,""z_mg"":996}"
0.250,right_hand,og,tilt,,"{""roll_deg"":2.7,""pitch_deg"":0.0,""steady"":true}"
0.250,right_hand,og,acc,2322547,"{""seq"":10,""x_mg"":-204,""y_mg"":68,""z_mg"":980}"
0.250,right_hand,og,tilt,,"{""roll_deg"":3.0,""pitch_deg"":0.0,""steady"":true}"
0.281,right_hand,og,acc,2322568,"{""seq"":11,""x_mg"":-236,""y_mg"":96,""z_mg"":960}"
0.281,right_hand,og,tilt,,"{""roll_deg"":3.3,""pitch_deg"":-0.0,""steady"":true}"
0.312,right_hand,og,acc,2322588,"{""seq"":12,""x_mg"":-236,""y_mg"":104,""z_mg"":972}"
0.312,right_hand,og,tilt,,"{""roll_deg"":3.8,""pitch_deg"":-0.4,""steady"":true}"
0.312,right_hand,og,acc,2322609,"{""seq"":13,""x_mg"":-240,""y_mg"":88,""z_mg"":944}"
0.312,right_hand,og,tilt,,"{""roll_deg"":4.2,""pitch_deg"":-0.8,""steady"":true}"
0.343,right_hand,og,acc,2322630,"{""seq"":14,""x_mg"":-228,""y_mg"":72,""z_mg"":908}"
0.343,right_hand,og,tilt,,"{""roll_deg"":4.5,""pitch_deg"":-1.2,""steady"":true}"
0.359,right_hand,og,acc,2322650,"{""seq"":15,""x_mg"":-192,""y_mg"":72,""z_mg"":924}"
0.359,right_hand,og,tilt,,"{""roll_deg"":4.5,""pitch_deg"":-1.5,""steady"":true}"
0.390,right_hand,og,acc,2322671,"{""seq"":16,""x_mg"":-172,""y_mg"":56,""z_mg"":928}"
0.390,right_hand,og,tilt,,"{""roll_deg"":4.6,""pitch_deg"":-1.5,""steady"":true}"
0.422,right_hand,og,acc,2322691,"{""seq"":17,""x_mg"":-140,""y_mg"":36,""z_mg"":940}"
0.422,right_hand,og,tilt,,"{""roll_deg"":4.6,""pitch_deg"":-1.5,""steady"":true}"
0.422,right_hand,og,acc,2322712,"{""seq"":18,""x_mg"":-124,""y_mg"":84,""z_mg"":968}"
0.422,right_hand,og,tilt,,"{""roll_deg"":4.6,""pitch_deg"":-1.5,""steady"":true}"
0.453,right_hand,og,acc,2322732,"{""seq"":19,""x_mg"":-108,""y_mg"":92,""z_mg"":1000}"
0.453,right_hand,og,tilt,,"{""roll_deg"":4.6,""pitch_deg"":-1.3,""steady"":true}"
0.453,right_hand,og,acc,2322753,"{""seq"":20,""x_mg"":-108,""y_mg"":48,""z_mg"":1024}"
0.453,right_hand,og,tilt,,"{""roll_deg"":4.6,""pitch_deg"":-0.5,""steady"":true}"
0.484,right_hand,og,acc,2322773,"{""seq"":21,""x_mg"":-120,""y_mg"":-40,""z_mg"":1048}"
0.484,right_hand,og,tilt,,"{""roll_deg"":4.6,""pitch_deg"":0.2,""steady"":true}"
0.515,right_hand,og,acc,2322794,"{""seq"":22,""x_mg"":-148,""y_mg"":-52,""z_mg"":1032}"
0.515,right_hand,og,tilt,,"{""roll_deg"":4.6,""pitch_deg"":0.9,""steady"":true}"
0.515,right_hand,og,acc,2322815,"{""seq"":23,""x_mg"":-176,""y_mg"":48,""z_mg"":940}"
0.515,right_hand,og,tilt,,"{""roll_deg"":3.8,""pitch_deg"":1.1,""steady"":true}"
0.547,right_hand,og,acc,2322835,"{""seq"":24,""x_mg"":-180,""y_mg"":44,""z_mg"":936}"
0.547,right_hand,og,tilt,,"{""roll_deg"":3.8,""pitch_deg"":1.1,""steady"":true}"
0.578,right_hand,og,acc,2322856,"{""seq"":25,""x_mg"":-160,""y_mg"":4,""z_mg"":952}"
0.578,right_hand,og,tilt,,"{""roll_deg"":3.8,""pitch_deg"":1.1,""steady"":true}"
0.578,right_hand,og,acc,2322876,"{""seq"":26,""x_mg"":-152,""y_mg"":36,""z_mg"":988}"
0.578,right_hand,og,tilt,,"{""roll_deg"":3.7,""pitch_deg"":1.1,""steady"":true}"
0.625,right_hand,og,acc,2322897,"{""seq"":27,""x_mg"":-160,""y_mg"":68,""z_mg"":976}"
0.625,right_hand,og,tilt,,"{""roll_deg"":3.6,""pitch_deg"":1.1,""steady"":true}"
0.640,right_hand,og,acc,2322917,"{""seq"":28,""x_mg"":-164,""y_mg"":80,""z_mg"":956}"
0.640,right_hand,og,tilt,,"{""roll_deg"":3.6,""pitch_deg"":1.1,""steady"":true}"
0.672,right_hand,og,acc,2322938,"{""seq"":29,""x_mg"":-168,""y_mg"":64,""z_mg"":1004}"
0.672,right_hand,og,tilt,,"{""roll_deg"":3.6,""pitch_deg"":1.1,""steady"":true}"
0.672,right_hand,og,acc,2322959,"{""seq"":30,""x_mg"":-148,""y_mg"":24,""z_mg"":1004}"
0.672,right_hand,og,tilt,,"{""roll_deg"":3.6,""pitch_deg"":1.1,""steady"":true}"
0.703,right_hand,og,acc,2322979,"{""seq"":31,""x_mg"":-148,""y_mg"":32,""z_mg"":1000}"
0.703,right_hand,og,tilt,,"{""roll_deg"":3.6,""pitch_deg"":1.1,""steady"":true}"
0.718,right_hand,og,acc,2323000,"{""seq"":32,""x_mg"":-136,""y_mg"":32,""z_mg"":984}"
0.718,right_hand,og,tilt,,"{""roll_deg"":3.6,""pitch_deg"":1.1,""steady"":true}"
0.750,right_hand,og,acc,2323020,"{""seq"":33,""x_mg"":-144,""y_mg"":-8,""z_mg"":1000}"
0.750,right_hand,og,tilt,,"{""roll_deg"":3.6,""pitch_deg"":1.1,""steady"":true}"
0.750,right_hand,og,acc,2323041,"{""seq"":34,""x_mg"":-152,""y_mg"":4,""z_mg"":988}"
0.750,right_hand,og,tilt,,"{""roll_deg"":3.4,""pitch_deg"":1.1,""steady"":true}"
0.765,right_hand,og,acc,2323061,"{""seq"":35,""x_mg"":-152,""y_mg"":20,""z_mg"":1012}"
0.765,right_hand,og,tilt,,"{""roll_deg"":3.1,""pitch_deg"":1.1,""steady"":true}"
0.812,right_hand,og,acc,2323082,"{""seq"":36,""x_mg"":-152,""y_mg"":44,""z_mg"":996}"
0.812,right_hand,og,tilt,,"{""roll_deg"":3.0,""pitch_deg"":1.1,""steady"":true}"
0.828,right_hand,og,acc,2323103,"{""seq"":37,""x_mg"":-148,""y_mg"":48,""z_mg"":976}"
0.828,right_hand,og,tilt,,"{""roll_deg"":3.0,""pitch_deg"":1.1,""steady"":true}"
0.843,right_hand,og,acc,2323123,"{""seq"":38,""x_mg"":-160,""y_mg"":28,""z_mg"":964}"
0.843,right_hand,og,tilt,,"{""roll_deg"":3.0,""pitch_deg"":1.1,""steady"":true}"
0.875,right_hand,og,acc,2323144,"{""seq"":39,""x_mg"":-152,""y_mg"":28,""z_mg"":980}"
0.875,right_hand,og,tilt,,"{""roll_deg"":3.0,""pitch_deg"":1.1,""steady"":true}"
0.875,right_hand,og,acc,2323164,"{""seq"":40,""x_mg"":-148,""y_mg"":44,""z_mg"":976}"
0.875,right_hand,og,tilt,,"{""roll_deg"":3.0,""pitch_deg"":1.1,""steady"":true}"
0.890,right_hand,og,acc,2323185,"{""seq"":41,""x_mg"":-160,""y_mg"":44,""z_mg"":972}"
0.890,right_hand,og,tilt,,"{""roll_deg"":3.0,""pitch_deg"":1.1,""steady"":true}"
0.906,right_hand,og,acc,2323205,"{""seq"":42,""x_mg"":-156,""y_mg"":12,""z_mg"":976}"
0.906,right_hand,og,tilt,,"{""roll_deg"":3.0,""pitch_deg"":1.1,""steady"":true}"
0.953,right_hand,og,acc,2323226,"{""seq"":43,""x_mg"":-160,""y_mg"":40,""z_mg"":988}"
0.953,right_hand,og,tilt,,"{""roll_deg"":3.0,""pitch_deg"":1.1,""steady"":true}"
0.984,right_hand,og,acc,2323247,"{""seq"":44,""x_mg"":-156,""y_mg"":72,""z_mg"":976}"
0.984,right_hand,og,tilt,,"{""roll_deg"":3.0,""pitch_deg"":1.1,""steady"":true}"
0.984,right_hand,og,acc,2323267,"{""seq"":45,""x_mg"":-164,""y_mg"":80,""z_mg"":984}"
0.984,right_hand,og,tilt,,"{""roll_deg"":3.0,""pitch_deg"":1.1,""steady"":true}"
1.015,right_hand,og,acc,2323288,"{""seq"":46,""x_mg"":-156,""y_mg"":40,""z_mg"":992}"
1.015,right_hand,og,tilt,,"{""roll_deg"":3.0,""pitch_deg"":1.1,""steady"":true}"
1.047,right_hand,og,acc,2323308,"{""seq"":47,""x_mg"":-152,""y_mg"":48,""z_mg"":976}"
1.047,right_hand,og,tilt,,"{""roll_deg"":3.0,""pitch_deg"":1.1,""steady"":true}"
1.047,right_hand,og,acc,2323329,"{""seq"":48,""x_mg"":-152,""y_mg"":124,""z_mg"":988}"
1.047,right_hand,og,tilt,,"{""roll_deg"":3.0,""pitch_deg"":1.1,""steady"":true}"
1.078,right_hand,og,acc,2323349,"{""seq"":49,""x_mg"":-164,""y_mg"":104,""z_mg"":960}"
1.078,right_hand,og,tilt,,"{""roll_deg"":3.3,""pitch_deg"":1.1,""steady"":true}"
1.109,right_hand,og,acc,2323370,"{""seq"":50,""x_mg"":-164,""y_mg"":-8,""z_mg"":968}"
1.109,right_hand,og,tilt,,"{""roll_deg"":3.8,""pitch_deg"":1.1,""steady"":true}"
1.109,right_hand,og,acc,2323391,"{""seq"":51,""x_mg"":-160,""y_mg"":0,""z_mg"":984}"
1.109,right_hand,og,tilt,,"{""roll_deg"":3.8,""pitch_deg"":1.1,""steady"":true}"
1.140,right_hand,og,acc,2323411,"{""seq"":52,""x_mg"":-156,""y_mg"":16,""z_mg"":996}"
1.140,right_hand,og,tilt,,"{""roll_deg"":3.8,""pitch_deg"":1.1,""steady"":true}"
1.140,right_hand,og,acc,2323432,"{""seq"":53,""x_mg"":-152,""y_mg"":52,""z_mg"":1004}"
1.140,right_hand,og,tilt,,"{""roll_deg"":3.8,""pitch_deg"":1.1,""steady"":true}"
1.172,right_hand,og,acc,2323452,"{""seq"":54,""x_mg"":-152,""y_mg"":24,""z_mg"":1020}"
1.172,right_hand,og,tilt,,"{""roll_deg"":3.7,""pitch_deg"":1.1,""steady"":true}"
1.203,right_hand,og,acc,2323473,"{""seq"":55,""x_mg"":-144,""y_mg"":-64,""z_mg"":1040}"
1.203,right_hand,og,tilt,,"{""roll_deg"":3.6,""pitch_deg"":1.1,""steady"":true}"
1.203,right_hand,og,acc,2323493,"{""seq"":56,""x_mg"":-152,""y_mg"":36,""z_mg"":932}"
1.203,right_hand,og,tilt,,"{""roll_deg"":3.4,""pitch_deg"":1.1,""steady"":true}"
1.234,right_hand,og,acc,2323514,"{""seq"":57,""x_mg"":-196,""y_mg"":296,""z_mg"":932}"
1.234,right_hand,og,tilt,,"{""roll_deg"":3.4,""pitch_deg"":1.1,""steady"":true}"
1.250,right_hand,og,acc,2323535,"{""seq"":58,""x_mg"":-240,""y_mg"":332,""z_mg"":904}"
1.250,right_hand,og,tilt,,"{""roll_deg"":5.4,""pitch_deg"":1.1,""steady"":true}"
1.281,right_hand,og,acc,2323555,"{""seq"":59,""x_mg"":-204,""y_mg"":192,""z_mg"":948}"
1.281,right_hand,og,tilt,,"{""roll_deg"":8.7,""pitch_deg"":1.1,""steady"":true}"
1.281,right_hand,og,acc,2323576,"{""seq"":60,""x_mg"":-204,""y_mg"":184,""z_mg"":968}"
1.281,right_hand,og,tilt,,"{""roll_deg"":9.5,""pitch_deg"":0.9,""steady"":true}"
1.312,right_hand,og,acc,2323596,"{""seq"":61,""x_mg"":-208,""y_mg"":240,""z_mg"":940}"
1.312,right_hand,og,tilt,,"{""roll_deg"":10.1,""pitch_deg"":0.6,""steady"":true}"
1.343,right_hand,og,acc,2323617,"{""seq"":62,""x_mg"":-228,""y_mg"":324,""z_mg"":892}"
1.343,right_hand,og,tilt,,"{""roll_deg"":11.3,""pitch_deg"":0.3,""steady"":true}"
1.343,right_hand,og,acc,2323637,"{""seq"":63,""x_mg"":-220,""y_mg"":252,""z_mg"":912}"
1.343,right_hand,og,tilt,,"{""roll_deg"":12.5,""pitch_deg"":-0.2,""steady"":true}"
1.375,right_hand,og,acc,2323658,"{""seq"":64,""x_mg"":-208,""y_mg"":100,""z_mg"":956}"
1.375,right_hand,og,tilt,,"{""roll_deg"":13.3,""pitch_deg"":-0.6,""steady"":true}"
1.406,right_hand,og,acc,2323678,"{""seq"":65,""x_mg"":-176,""y_mg"":-120,""z_mg"":924}"
1.406,right_hand,og,tilt,,"{""roll_deg"":12.6,""pitch_deg"":-0.7,""steady"":true}"
1.406,right_hand,og,acc,2323699,"{""seq"":66,""x_mg"":-160,""y_mg"":-268,""z_mg"":964}"
1.406,right_hand,og,tilt,,"{""roll_deg"":10.2,""pitch_deg"":-0.7,""steady"":true}"
1.437,right_hand,og,acc,2323720,"{""seq"":67,""x_mg"":-160,""y_mg"":-272,""z_mg"":884}"
1.437,right_hand,og,tilt,,"{""roll_deg"":2.1,""pitch_deg"":-0.7,""steady"":true}"
1.453,right_hand,og,acc,2323740,"{""seq"":68,""x_mg"":-120,""y_mg"":-544,""z_mg"":800}"
1.453,right_hand,og,tilt,,"{""roll_deg"":-5.1,""pitch_deg"":-0.7,""steady"":true}"
1.453,right_hand,og,acc,2323761,"{""seq"":69,""x_mg"":-88,""y_mg"":-856,""z_mg"":784}"
1.453,right_hand,og,tilt,,"{""roll_deg"":-19.2,""pitch_deg"":-0.7,""steady"":true}"
1.484,right_hand,og,acc,2323781,"{""seq"":70,""x_mg"":-120,""y_mg"":-836,""z_mg"":724}"
1.484,right_hand,og,tilt,,"{""roll_deg"":-34.3,""pitch_deg"":-0.2,""steady"":true}"
1.515,right_hand,og,acc,2323802,"{""seq"":71,""x_mg"":-144,""y_mg"":-820,""z_mg"":704}"
1.515,right_hand,og,tilt,,"{""roll_deg"":-42.0,""pitch_deg"":0.4,""steady"":true}"
1.547,right_hand,og,acc,2323822,"{""seq"":72,""x_mg"":-116,""y_mg"":-800,""z_mg"":680}"
1.547,right_hand,og,tilt,,"{""roll_deg"":-45.2,""pitch_deg"":1.0,""steady"":true}"
1.547,right_hand,og,acc,2323843,"{""seq"":73,""x_mg"":-136,""y_mg"":-784,""z_mg"":688}"
1.547,right_hand,og,tilt,,"{""roll_deg"":-46.5,""pitch_deg"":1.3,""steady"":true}"
1.578,right_hand,og,acc,2323864,"{""seq"":74,""x_mg"":-132,""y_mg"":-796,""z_mg"":676}"
1.578,right_hand,og,tilt,,"{""roll_deg"":-47.3,""pitch_deg"":1.5,""steady"":true}"
1.609,right_hand,og,acc,2323884,"{""seq"":75,""x_mg"":-148,""y_mg"":-804,""z_mg"":716}"
1.609,right_hand,og,tilt,,"{""roll_deg"":-47.3,""pitch_deg"":1.7,""steady"":true}"
1.640,right_hand,og,acc,2323905,"{""seq"":76,""x_mg"":-152,""y_mg"":-832,""z_mg"":732}"
1.640,right_hand,og,tilt,,"{""roll_deg"":-47.3,""pitch_deg"":1.8,""steady"":true}"
1.640,right_hand,og,acc,2323925,"{""seq"":77,""x_mg"":-164,""y_mg"":-748,""z_mg"":860}"
1.640,right_hand,og,tilt,,"{""roll_deg"":-47.3,""pitch_deg"":1.8,""steady"":true}"
1.672,right_hand,og,acc,2323946,"{""seq"":78,""x_mg"":-200,""y_mg"":-556,""z_mg"":896}"
1.672,right_hand,og,tilt,,"{""roll_deg"":-44.9,""pitch_deg"":1.8,""steady"":true}"
1.703,right_hand,og,acc,2323966,"{""seq"":79,""x_mg"":-196,""y_mg"":-388,""z_mg"":932}"
1.703,right_hand,og,tilt,,"{""roll_deg"":-41.7,""pitch_deg"":1.8,""steady"":true}"
1.703,right_hand,og,acc,2323987,"{""seq"":80,""x_mg"":-196,""y_mg"":-364,""z_mg"":924}"
1.703,right_hand,og,tilt,,"{""roll_deg"":-39.3,""pitch_deg"":1.8,""steady"":true}"
1.734,right_hand,og,acc,2324008,"{""seq"":81,""x_mg"":-204,""y_mg"":-420,""z_mg"":864}"
1.734,right_hand,og,tilt,,"{""roll_deg"":-34.5,""pitch_deg"":1.8,""steady"":true}"
1.765,right_hand,og,acc,2324028,"{""seq"":82,""x_mg"":-220,""y_mg"":-156,""z_mg"":824}"
1.765,right_hand,og,tilt,,"{""roll_deg"":-29.8,""pitch_deg"":1.6,""steady"":true}"
1.765,right_hand,og,acc,2324049,"{""seq"":83,""x_mg"":-256,""y_mg"":328,""z_mg"":764}"
1.765,right_hand,og,tilt,,"{""roll_deg"":-21.1,""pitch_deg"":0.6,""steady"":true}"
1.797,right_hand,og,acc,2324069,"{""seq"":84,""x_mg"":-280,""y_mg"":572,""z_mg"":828}"
1.797,right_hand,og,tilt,,"{""roll_deg"":3.3,""pitch_deg"":-0.5,""steady"":true}"
1.828,right_hand,og,acc,2324090,"{""seq"":85,""x_mg"":-280,""y_mg"":340,""z_mg"":912}"
1.828,right_hand,og,tilt,,"{""roll_deg"":14.7,""pitch_deg"":-1.6,""steady"":true}"
1.828,right_hand,og,acc,2324110,"{""seq"":86,""x_mg"":-244,""y_mg"":40,""z_mg"":940}"
1.828,right_hand,og,tilt,,"{""roll_deg"":17.7,""pitch_deg"":-2.4,""steady"":true}"
1.859,right_hand,og,acc,2324131,"{""seq"":87,""x_mg"":-240,""y_mg"":12,""z_mg"":1008}"
1.859,right_hand,og,tilt,,"{""roll_deg"":10.9,""pitch_deg"":-2.7,""steady"":true}"
1.875,right_hand,og,acc,2324151,"{""seq"":88,""x_mg"":-240,""y_mg"":284,""z_mg"":928}"
1.875,right_hand,og,tilt,,"{""roll_deg"":7.7,""pitch_deg"":-2.8,""steady"":true}"
1.875,right_hand,og,acc,2324172,"{""seq"":89,""x_mg"":-252,""y_mg"":328,""z_mg"":872}"
1.875,right_hand,og,tilt,,"{""roll_deg"":11.5,""pitch_deg"":-2.9,""steady"":true}"
1.906,right_hand,og,acc,2324193,"{""seq"":90,""x_mg"":-256,""y_mg"":276,""z_mg"":844}"
1.906,right_hand,og,tilt,,"{""roll_deg"":14.3,""pitch_deg"":-3.2,""steady"":true}"
1.937,right_hand,og,acc,2324213,"{""seq"":91,""x_mg"":-256,""y_mg"":284,""z_mg"":896}"
1.937,right_hand,og,tilt,,"{""roll_deg"":15.8,""pitch_deg"":-3.5,""steady"":true}"
1.968,right_hand,og,acc,2324234,"{""seq"":92,""x_mg"":-252,""y_mg"":256,""z_mg"":936}"
1.968,right_hand,og,tilt,,"{""roll_deg"":16.4,""pitch_deg"":-3.7,""steady"":true}"
1.968,right_hand,og,acc,2324254,"{""seq"":93,""x_mg"":-232,""y_mg"":108,""z_mg"":980}"
1.968,right_hand,og,tilt,,"{""roll_deg"":16.4,""pitch_deg"":-3.7,""steady"":true}"
2.000,right_hand,og,acc,2324275,"{""seq"":94,""x_mg"":-200,""y_mg"":-88,""z_mg"":920}"
2.000,right_hand,og,tilt,,"{""roll_deg"":13.8,""pitch_deg"":-3.7,""steady"":true}"
2.031,right_hand,og,acc,2324295,"{""seq"":95,""x_mg"":-180,""y_mg"":-228,""z_mg"":812}"
2.031,right_hand,og,tilt,,"{""roll_deg"":11.6,""pitch_deg"":-3.7,""steady"":true}"
2.031,right_hand,og,acc,2324316,"{""seq"":96,""x_mg"":-112,""y_mg"":-560,""z_mg"":816}"
2.031,right_hand,og,tilt,,"{""roll_deg"":4.5,""pitch_deg"":-3.7,""steady"":true}"
2.062,right_hand,og,acc,2324337,"{""seq"":97,""x_mg"":-88,""y_mg"":-852,""z_mg"":808}"
2.062,right_hand,og,tilt,,"{""roll_deg"":-13.2,""pitch_deg"":-3.0,""steady"":true}"
2.062,right_hand,og,acc,2324357,"{""seq"":98,""x_mg"":-68,""y_mg"":-988,""z_mg"":812}"
2.062,right_hand,og,tremor,,"{""rms_mg"":64.8,""peak_hz"":11.3}"
2.062,right_hand,og,tilt,,"{""roll_deg"":-30.8,""pitch_deg"":-1.4,""steady"":true}"
2.093,right_hand,og,acc,2324378,"{""seq"":99,""x_mg"":-96,""y_mg"":-908,""z_mg"":812}"
2.093,right_hand,og,tilt,,"{""roll_deg"":-40.1,""pitch_deg"":0.4,""steady"":true}"
2.109,right_hand,og,acc,2324398,"{""seq"":100,""x_mg"":-96,""y_mg"":-940,""z_mg"":864}"
2.109,right_hand,og,tilt,,"{""roll_deg"":-43.9,""pitch_deg"":1.8,""steady"":true}"
2.140,right_hand,og,acc,2324419,"{""seq"":101,""x_mg"":-128,""y_mg"":-976,""z_mg"":888}"
2.140,right_hand,og,tilt,,"{""roll_deg"":-43.9,""pitch_deg"":1.8,""steady"":false}"
2.172,right_hand,og,acc,2324439,"{""seq"":102,""x_mg"":-172,""y_mg"":-692,""z_mg"":816}"
2.172,right_hand,og,tilt,,"{""roll_deg"":-45.4,""pitch_deg"":3.3,""steady"":true}"
2.172,right_hand,og,acc,2324460,"{""seq"":103,""x_mg"":-216,""y_mg"":-280,""z_mg"":784}"
2.172,right_hand,og,tilt,,"{""roll_deg"":-43.0,""pitch_deg"":3.3,""steady"":true}"
2.203,right_hand,og,acc,2324481,"{""seq"":104,""x_mg"":-232,""y_mg"":-64,""z_mg"":872}"
2.203,right_hand,og,tilt,,"{""roll_deg"":-35.8,""pitch_deg"":2.5,""steady"":true}"
2.203,right_hand,og,acc,2324501,"{""seq"":105,""x_mg"":-232,""y_mg"":-24,""z_mg"":960}"
2.203,right_hand,og,tilt,,"{""roll_deg"":-30.2,""pitch_deg"":2.1,""steady"":true}"
2.234,right_hand,og,acc,2324522,"{""seq"":106,""x_mg"":-204,""y_mg"":-68,""z_mg"":940}"
2.234,right_hand,og,tilt,,"{""roll_deg"":-20.4,""pitch_deg"":1.5,""steady"":true}"
2.265,right_hand,og,acc,2324542,"{""seq"":107,""x_mg"":-212,""y_mg"":152,""z_mg"":916}"
2.265,right_hand,og,tilt,,"{""roll_deg"":-12.0,""pitch_deg"":0.9,""steady"":true}"
2.265,right_hand,og,acc,2324563,"{""seq"":108,""x_mg"":-256,""y_mg"":356,""z_mg"":840}"
2.265,right_hand,og,tilt,,"{""roll_deg"":-1.0,""pitch_deg"":0.4,""steady"":true}"
2.297,right_hand,og,acc,2324583,"{""seq"":109,""x_mg"":-260,""y_mg"":416,""z_mg"":820}"
2.297,right_hand,og,tilt,,"{""roll_deg"":11.8,""pitch_deg"":-0.8,""steady"":true}"
2.312,right_hand,og,acc,2324604,"{""seq"":110,""x_mg"":-264,""y_mg"":352,""z_mg"":932}"
2.312,right_hand,og,tilt,,"{""roll_deg"":17.8,""pitch_deg"":-1.8,""steady"":true}"
2.359,right_hand,og,acc,2324624,"{""seq"":111,""x_mg"":-252,""y_mg"":276,""z_mg"":996}"
2.359,right_hand,og,tilt,,"{""roll_deg"":19.1,""pitch_deg"":-2.3,""steady"":true}"
2.359,right_hand,og,acc,2324645,"{""seq"":112,""x_mg"":-232,""y_mg"":184,""z_mg"":1040}"
2.359,right_hand,og,tilt,,"{""roll_deg"":18.0,""pitch_deg"":-2.5,""steady"":true}"
2.390,right_hand,og,acc,2324666,"{""seq"":113,""x_mg"":-216,""y_mg"":104,""z_mg"":992}"
2.390,right_hand,og,tilt,,"{""roll_deg"":14.9,""pitch_deg"":-2.5,""steady"":true}"
2.422,right_hand,og,acc,2324686,"{""seq"":114,""x_mg"":-228,""y_mg"":120,""z_mg"":908}"
2.422,right_hand,og,tilt,,"{""roll_deg"":12.5,""pitch_deg"":-2.5,""steady"":true}"
2.422,right_hand,og,acc,2324707,"{""seq"":115,""x_mg"":-192,""y_mg"":-32,""z_mg"":888}"
2.422,right_hand,og,tilt,,"{""roll_deg"":10.7,""pitch_deg"":-2.5,""steady"":true}"
2.453,right_hand,og,acc,2324727,"{""seq"":116,""x_mg"":-148,""y_mg"":-448,""z_mg"":888}"
2.453,right_hand,og,tilt,,"{""roll_deg"":8.4,""pitch_deg"":-2.5,""steady"":true}"
2.484,right_hand,og,acc,2324748,"{""seq"":117,""x_mg"":-76,""y_mg"":-852,""z_mg"":920}"
2.484,right_hand,og,tilt,,"{""roll_deg"":-1.1,""pitch_deg"":-2.4,""steady"":true}"
2.484,right_hand,og,acc,2324768,"{""seq"":118,""x_mg"":-44,""y_mg"":-1176,""z_mg"":928}"
2.484,right_hand,og,tilt,,"{""roll_deg"":-1.1,""pitch_deg"":-2.4,""steady"":false}"
2.500,right_hand,og,acc,2324789,"{""seq"":119,""x_mg"":-144,""y_mg"":-1052,""z_mg"":860}"
2.500,right_hand,og,tilt,,"{""roll_deg"":-1.1,""pitch_deg"":-2.4,""steady"":false}"
2.531,right_hand,og,acc,2324810,"{""seq"":120,""x_mg"":-236,""y_mg"":-440,""z_mg"":840}"
2.531,right_hand,og,tilt,,"{""roll_deg"":-16.8,""pitch_deg"":-1.6,""steady"":true}"
2.562,right_hand,og,acc,2324830,"{""seq"":121,""x_mg"":-256,""y_mg"":-120,""z_mg"":848}"
2.562,right_hand,og,tilt,,"{""roll_deg"":-20.2,""pitch_deg"":-1.6,""steady"":true}"
2.562,right_hand,og,acc,2324851,"{""seq"":122,""x_mg"":-276,""y_mg"":160,""z_mg"":820}"
2.562,right_hand,og,tilt,,"{""roll_deg"":-17.1,""pitch_deg"":-1.6,""steady"":true}"
2.593,right_hand,og,acc,2324871,"{""seq"":123,""x_mg"":-296,""y_mg"":304,""z_mg"":832}"
2.593,right_hand,og,tilt,,"{""roll_deg"":-13.0,""pitch_deg"":-2.7,""steady"":true}"
2.625,right_hand,og,acc,2324892,"{""seq"":124,""x_mg"":-284,""y_mg"":84,""z_mg"":940}"
2.625,right_hand,og,tilt,,"{""roll_deg"":-4.9,""pitch_deg"":-3.8,""steady"":true}"
2.625,right_hand,og,acc,2324912,"{""seq"":125,""x_mg"":-256,""y_mg"":-60,""z_mg"":1012}"
2.625,right_hand,og,tilt,,"{""roll_deg"":-1.2,""pitch_deg"":-4.3,""steady"":true}"
2.656,right_hand,og,acc,2324933,"{""seq"":126,""x_mg"":-248,""y_mg"":140,""z_mg"":888}"
2.656,right_hand,og,tilt,,"{""roll_deg"":1.3,""pitch_deg"":-4.3,""steady"":true}"
2.687,right_hand,og,acc,2324954,"{""seq"":127,""x_mg"":-272,""y_mg"":348,""z_mg"":812}"
2.687,right_hand,og,tilt,,"{""roll_deg"":4.4,""pitch_deg"":-4.4,""steady"":true}"
2.687,right_hand,og,acc,2324974,"{""seq"":128,""x_mg"":-280,""y_mg"":512,""z_mg"":892}"
2.687,right_hand,og,tilt,,"{""roll_deg"":12.7,""pitch_deg"":-4.5,""steady"":true}"
2.703,right_hand,og,acc,2324995,"{""seq"":129,""x_mg"":-260,""y_mg"":268,""z_mg"":908}"
2.703,right_hand,og,tilt,,"{""roll_deg"":17.4,""pitch_deg"":-4.5,""steady"":true}"
2.734,right_hand,og,acc,2325015,"{""seq"":130,""x_mg"":-176,""y_mg"":-256,""z_mg"":952}"
2.734,right_hand,og,tilt,,"{""roll_deg"":17.4,""pitch_deg"":-4.5,""steady"":true}"
2.765,right_hand,og,acc,2325036,"{""seq"":131,""x_mg"":-92,""y_mg"":-820,""z_mg"":920}"
2.765,right_hand,og,tilt,,"{""roll_deg"":11.0,""pitch_deg"":-4.5,""steady"":true}"
2.765,right_hand,og,acc,2325056,"{""seq"":132,""x_mg"":-68,""y_mg"":-932,""z_mg"":952}"
2.765,right_hand,og,tilt,,"{""roll_deg"":11.0,""pitch_deg"":-4.5,""steady"":false}"
2.797,right_hand,og,acc,2325077,"{""seq"":133,""x_mg"":-124,""y_mg"":-648,""z_mg"":856}"
2.797,right_hand,og,tilt,,"{""roll_deg"":-12.5,""pitch_deg"":-3.1,""steady"":true}"
2.828,right_hand,og,acc,2325098,"{""seq"":134,""x_mg"":-172,""y_mg"":-424,""z_mg"":800}"
2.828,right_hand,og,tilt,,"{""roll_deg"":-22.9,""pitch_deg"":-1.9,""steady"":true}"
2.828,right_hand,og,acc,2325118,"{""seq"":135,""x_mg"":-196,""y_mg"":-280,""z_mg"":984}"
2.828,right_hand,og,tilt,,"{""roll_deg"":-24.3,""pitch_deg"":-1.7,""steady"":true}"
2.859,right_hand,og,acc,2325139,"{""seq"":136,""x_mg"":-208,""y_mg"":-236,""z_mg"":1048}"
2.859,right_hand,og,tilt,,"{""roll_deg"":-21.7,""pitch_deg"":-1.6,""steady"":true}"
2.890,right_hand,og,acc,2325159,"{""seq"":137,""x_mg"":-236,""y_mg"":-220,""z_mg"":992}"
2.890,right_hand,og,tilt,,"{""roll_deg"":-19.3,""pitch_deg"":-1.5,""steady"":true}"
2.890,right_hand,og,acc,2325180,"{""seq"":138,""x_mg"":-268,""y_mg"":-144,""z_mg"":872}"
2.890,right_hand,og,tilt,,"{""roll_deg"":-18.0,""pitch_deg"":-1.5,""steady"":true}"
2.906,right_hand,og,acc,2325200,"{""seq"":139,""x_mg"":-248,""y_mg"":-24,""z_mg"":852}"
2.906,right_hand,og,tilt,,"{""roll_deg"":-17.4,""pitch_deg"":-1.5,""steady"":true}"
2.937,right_hand,og,acc,2325221,"{""seq"":140,""x_mg"":-236,""y_mg"":-4,""z_mg"":944}"
2.937,right_hand,og,tilt,,"{""roll_deg"":-13.6,""pitch_deg"":-1.7,""steady"":true}"
2.968,right_hand,og,acc,2325241,"{""seq"":141,""x_mg"":-212,""y_mg"":-12,""z_mg"":1032}"
2.968,right_hand,og,tilt,,"{""roll_deg"":-9.4,""pitch_deg"":-1.8,""steady"":true}"
2.968,right_hand,og,acc,2325262,"{""seq"":142,""x_mg"":-228,""y_mg"":-12,""z_mg"":916}"
2.968,right_hand,og,tilt,,"{""roll_deg"":-6.2,""pitch_deg"":-2.0,""steady"":true}"
3.000,right_hand,og,acc,2325283,"{""seq"":143,""x_mg"":-236,""y_mg"":-44,""z_mg"":936}"
3.000,right_hand,og,tilt,,"{""roll_deg"":-4.0,""pitch_deg"":-2.2,""steady"":true}"
3.031,right_hand,og,acc,2325303,"{""seq"":144,""x_mg"":-220,""y_mg"":-16,""z_mg"":980}"
3.031,right_hand,og,tilt,,"{""roll_deg"":-2.8,""pitch_deg"":-2.3,""steady"":true}"
3.031,right_hand,og,acc,2325324,"{""seq"":145,""x_mg"":-204,""y_mg"":88,""z_mg"":968}"
3.031,right_hand,og,tilt,,"{""roll_deg"":-2.0,""pitch_deg"":-2.3,""steady"":true}"
3.078,right_hand,og,acc,2325344,"{""seq"":146,""x_mg"":-196,""y_mg"":124,""z_mg"":908}"
3.078,right_hand,og,tilt,,"{""roll_deg"":0.7,""pitch_deg"":-2.3,""steady"":true}"
3.078,right_hand,og,acc,2325365,"{""seq"":147,""x_mg"":-200,""y_mg"":76,""z_mg"":932}"
3.078,right_hand,og,tilt,,"{""roll_deg"":2.5,""pitch_deg"":-2.3,""steady"":true}"
3.109,right_hand,og,acc,2325385,"{""seq"":148,""x_mg"":-172,""y_mg"":56,""z_mg"":992}"
3.109,right_hand,og,tilt,,"{""roll_deg"":3.3,""pitch_deg"":-2.3,""steady"":true}"
3.125,right_hand,og,acc,2325406,"{""seq"":149,""x_mg"":-164,""y_mg"":76,""z_mg"":1016}"
3.125,right_hand,og,tilt,,"{""roll_deg"":3.8,""pitch_deg"":-2.3,""steady"":true}"
3.140,right_hand,og,acc,2325427,"{""seq"":150,""x_mg"":-148,""y_mg"":108,""z_mg"":1020}"
3.140,right_hand,og,tilt,,"{""roll_deg"":4.0,""pitch_deg"":-2.2,""steady"":true}"
3.172,right_hand,og,acc,2325447,"{""seq"":151,""x_mg"":-136,""y_mg"":84,""z_mg"":1004}"
3.172,right_hand,og,tilt,,"{""roll_deg"":4.3,""pitch_deg"":-1.6,""steady"":true}"
3.187,right_hand,og,acc,2325468,"{""seq"":152,""x_mg"":-156,""y_mg"":-48,""z_mg"":1000}"
3.187,right_hand,og,tilt,,"{""roll_deg"":4.5,""pitch_deg"":-1.0,""steady"":true}"
3.203,right_hand,og,acc,2325488,"{""seq"":153,""x_mg"":-156,""y_mg"":-40,""z_mg"":1040}"
3.203,right_hand,og,tilt,,"{""roll_deg"":3.9,""pitch_deg"":-0.5,""steady"":true}"
3.234,right_hand,og,acc,2325509,"{""seq"":154,""x_mg"":-168,""y_mg"":32,""z_mg"":960}"
3.234,right_hand,og,tilt,,"{""roll_deg"":3.1,""pitch_deg"":-0.2,""steady"":true}"
3.250,right_hand,og,acc,2325529,"{""seq"":155,""x_mg"":-180,""y_mg"":104,""z_mg"":944}"
3.250,right_hand,og,tilt,,"{""roll_deg"":3.1,""pitch_deg"":-0.2,""steady"":true}"
3.265,right_hand,og,acc,2325550,"{""seq"":156,""x_mg"":-160,""y_mg"":28,""z_mg"":968}"
3.265,right_hand,og,tilt,,"{""roll_deg"":3.1,""pitch_deg"":-0.1,""steady"":true}"
3.297,right_hand,og,acc,2325571,"{""seq"":157,""x_mg"":-168,""y_mg"":-44,""z_mg"":1040}"
3.297,right_hand,og,tilt,,"{""roll_deg"":3.0,""pitch_deg"":-0.0,""steady"":true}"
3.312,right_hand,og,acc,2325591,"{""seq"":158,""x_mg"":-176,""y_mg"":8,""z_mg"":984}"
3.312,right_hand,og,tilt,,"{""roll_deg"":2.9,""pitch_deg"":0.1,""steady"":true}"
3.312,right_hand,og,acc,2325612,"{""seq"":159,""x_mg"":-168,""y_mg"":44,""z_mg"":964}"
3.312,right_hand,og,tilt,,"{""roll_deg"":2.8,""pitch_deg"":0.1,""steady"":true}"
3.328,right_hand,og,acc,2325632,"{""seq"":160,""x_mg"":-164,""y_mg"":56,""z_mg"":944}"
3.328,right_hand,og,tilt,,"{""roll_deg"":2.8,""pitch_deg"":0.1,""steady"":true}"
3.359,right_hand,og,acc,2325653,"{""seq"":161,""x_mg"":-172,""y_mg"":32,""z_mg"":976}"
3.359,right_hand,og,tilt,,"{""roll_deg"":2.8,""pitch_deg"":0.1,""steady"":true}"
3.375,right_hand,og,acc,2325673,"{""seq"":162,""x_mg"":-180,""y_mg"":28,""z_mg"":1012}"
3.375,right_hand,og,tilt,,"{""roll_deg"":2.8,""pitch_deg"":0.1,""steady"":true}"
3.406,right_hand,og,acc,2325694,"{""seq"":163,""x_mg"":-196,""y_mg"":60,""z_mg"":956}"
3.406,right_hand,og,tilt,,"{""roll_deg"":2.8,""pitch_deg"":0.1,""steady"":true}"
3.422,right_hand,og,acc,2325715,"{""seq"":164,""x_mg"":-172,""y_mg"":76,""z_mg"":940}"
3.422,right_hand,og,tilt,,"{""roll_deg"":2.8,""pitch_deg"":0.1,""steady"":true}"
3.437,right_hand,og,acc,2325735,"{""seq"":165,""x_mg"":-148,""y_mg"":64,""z_mg"":980}"
3.437,right_hand,og,tilt,,"{""roll_deg"":2.8,""pitch_deg"":0.1,""steady"":true}"
3.453,right_hand,og,acc,2325756,"{""seq"":166,""x_mg"":-148,""y_mg"":12,""z_mg"":992}"
3.453,right_hand,og,tilt,,"{""roll_deg"":2.8,""pitch_deg"":0.1,""steady"":true}"
3.484,right_hand,og,acc,2325776,"{""seq"":167,""x_mg"":-144,""y_mg"":-48,""z_mg"":996}"
3.484,right_hand,og,tilt,,"{""roll_deg"":2.8,""pitch_deg"":0.3,""steady"":true}"
3.500,right_hand,og,acc,2325797,"{""seq"":168,""x_mg"":-152,""y_mg"":-28,""z_mg"":992}"
3.500,right_hand,og,tilt,,"{""roll_deg"":2.8,""pitch_deg"":0.4,""steady"":true}"
3.515,right_hand,og,acc,2325817,"{""seq"":169,""x_mg"":-148,""y_mg"":-12,""z_mg"":992}"
3.515,right_hand,og,tilt,,"{""roll_deg"":2.7,""pitch_deg"":0.6,""steady"":true}"
3.547,right_hand,og,acc,2325838,"{""seq"":170,""x_mg"":-164,""y_mg"":4,""z_mg"":976}"
3.547,right_hand,og,tilt,,"{""roll_deg"":2.4,""pitch_deg"":0.6,""steady"":true}"
3.578,right_hand,og,acc,2325858,"{""seq"":171,""x_mg"":-180,""y_mg"":32,""z_mg"":964}"
3.578,right_hand,og,tilt,,"{""roll_deg"":2.2,""pitch_deg"":0.6,""steady"":true}"
3.609,right_hand,og,acc,2325879,"{""seq"":172,""x_mg"":-172,""y_mg"":48,""z_mg"":980}"
3.609,right_hand,og,tilt,,"{""roll_deg"":2.2,""pitch_deg"":0.6,""steady"":true}"
3.625,right_hand,og,acc,2325900,"{""seq"":173,""x_mg"":-164,""y_mg"":32,""z_mg"":996}"
3.625,right_hand,og,tilt,,"{""roll_deg"":2.2,""pitch_deg"":0.6,""steady"":true}"
3.625,right_hand,og,acc,2325920,"{""seq"":174,""x_mg"":-164,""y_mg"":52,""z_mg"":916}"
3.625,right_hand,og,tilt,,"{""roll_deg"":2.2,""pitch_deg"":0.6,""steady"":true}"
3.656,right_hand,og,acc,2325941,"{""seq"":175,""x_mg"":-180,""y_mg"":68,""z_mg"":908}"
3.656,right_hand,og,tilt,,"{""roll_deg"":2.2,""pitch_deg"":0.6,""steady"":true}"
3.687,right_hand,og,acc,2325961,"{""seq"":176,""x_mg"":-164,""y_mg"":36,""z_mg"":988}"
3.687,right_hand,og,tilt,,"{""roll_deg"":2.2,""pitch_deg"":0.6,""steady"":true}"
3.687,right_hand,og,acc,2325982,"{""seq"":177,""x_mg"":-148,""y_mg"":-36,""z_mg"":1088}"
3.687,right_hand,og,tilt,,"{""roll_deg"":2.2,""pitch_deg"":0.6,""steady"":true}"
3.718,right_hand,og,acc,2326002,"{""seq"":178,""x_mg"":-160,""y_mg"":-76,""z_mg"":1008}"
3.718,right_hand,og,tilt,,"{""roll_deg"":2.2,""pitch_deg"":0.6,""steady"":true}"
3.750,right_hand,og,acc,2326023,"{""seq"":179,""x_mg"":-156,""y_mg"":16,""z_mg"":1000}"
3.750,right_hand,og,tilt,,"{""roll_deg"":2.1,""pitch_deg"":0.6,""steady"":true}"
3.750,right_hand,og,acc,2326043,"{""seq"":180,""x_mg"":-168,""y_mg"":68,""z_mg"":980}"
3.750,right_hand,og,tilt,,"{""roll_deg"":2.1,""pitch_deg"":0.6,""steady"":true}"
3.781,right_hand,og,acc,2326064,"{""seq"":181,""x_mg"":-168,""y_mg"":52,""z_mg"":964}"
3.781,right_hand,og,tilt,,"{""roll_deg"":2.1,""pitch_deg"":0.6,""steady"":true}"
3.812,right_hand,og,acc,2326085,"{""seq"":182,""x_mg"":-172,""y_mg"":24,""z_mg"":964}"
3.812,right_hand,og,tilt,,"{""roll_deg"":2.1,""pitch_deg"":0.6,""steady"":true}"
3.812,right_hand,og,acc,2326105,"{""seq"":183,""x_mg"":-172,""y_mg"":76,""z_mg"":828}"
3.812,right_hand,og,tilt,,"{""roll_deg"":2.1,""pitch_deg"":0.6,""steady"":true}"
3.843,right_hand,og,acc,2326126,"{""seq"":184,""x_mg"":-168,""y_mg"":140,""z_mg"":1064}"
3.843,right_hand,og,tilt,,"{""roll_deg"":2.2,""pitch_deg"":0.6,""steady"":true}"
